{"cameraMode":{"drawMode":0,"name":"Shaded","section":"Shading Mode"},"sceneLighting":true,"audioPlay":false,"sceneViewState":{"showFog":false,"showMaterialUpdate":false,"showSkybox":false,"showFlares":false,"showImageEffects":false,"showParticleSystems":false},"in2DMode":false,"pivot":{"x":0.6669350266456604,"y":-0.10079669952392578,"z":-0.38615697622299197},"rotation":{"x":-0.5702804923057556,"y":-0.0027950983494520189,"z":0.0018897674744948745,"w":-0.8215150237083435},"size":0.6725761890411377,"orthographic":false}